index,Tanggal,BerasPremium,BerasMedium,MinyakGorengCurah,GulaPasir,TeriguSegitigaBiru,BawangMerah,BawangPutih,CabeRawitMerah,CabeMerahKeriting,CabeBesar,DagingSapi,DagingAyamRas,TelurAyamRas,Ikan,KedelaiBijiKering,JagungManis,JagungPipilanKering
0,2021-01-01,11326.4,10328.2,11604.3,12582.6,8089.8,14374.1,19157.3,48934.6,43746.1,61177.6,105916.8,30723.6,25643.4,29153.5,9730.3,8167.4,8454.5
1,2021-01-02,11286.5,10281.8,11206.7,12381.0,8042.8,14435.2,19022.4,49116.3,43056.9,62612.2,103539.0,31093.6,25224.4,28839.6,10145.7,8086.3,8444.4
2,2021-01-03,11267.3,10243.1,10896.0,12279.6,7995.7,14482.9,19324.8,49061.2,42265.2,63917.1,101897.6,31215.2,24827.6,28552.2,10356.3,8020.8,8356.3
3,2021-01-04,11252.0,10207.9,10660.3,12183.0,7938.2,14506.3,20041.0,49268.5,41414.5,65069.8,100801.4,31322.7,24526.0,28303.4,10361.6,7948.0,8222.0
4,2021-01-05,11242.3,10171.5,10493.6,12069.6,7882.8,14519.8,20835.6,49355.9,40904.7,66265.4,99951.3,31427.0,24293.3,28087.4,10291.3,7885.6,8057.7
5,2021-01-06,11233.0,10136.5,10385.9,11953.9,7829.4,14489.6,21880.9,49085.7,40380.2,67226.3,99408.1,31493.3,24074.0,27931.9,10133.7,7824.1,7875.7
6,2021-01-07,11228.0,10098.6,10332.0,11851.7,7781.4,14429.5,22997.8,48445.3,39954.6,68061.5,99118.7,31512.5,23865.6,27827.6,9910.2,7773.4,7699.8
7,2021-01-08,11235.9,10072.5,10326.8,11803.3,7744.4,14441.0,24078.7,47265.4,39602.2,68702.6,98958.3,31350.5,23638.1,27794.8,9641.6,7734.3,7518.0
8,2021-01-09,11244.1,10054.7,10338.7,11813.3,7710.8,14460.1,25387.0,45697.8,39008.3,68858.5,99130.9,31138.2,23468.4,27815.6,9315.9,7697.4,7312.5
9,2021-01-10,11252.3,10045.0,10366.6,11852.2,7686.3,14484.6,26694.7,43802.6,38316.0,68595.2,99478.6,30873.4,23310.1,27868.7,9008.0,7663.2,7107.4
10,2021-01-11,11251.6,10032.5,10387.2,11890.0,7668.1,14432.8,28000.5,42009.6,37349.1,67700.1,100035.0,30650.7,23204.2,27930.6,8703.0,7625.3,6910.7
11,2021-01-12,11256.9,10024.0,10411.6,11943.5,7656.7,14478.0,29069.1,39943.6,36340.3,66471.1,100434.5,30424.4,23120.3,28006.8,8443.2,7583.8,6724.3
12,2021-01-13,11261.9,10026.6,10433.0,12041.9,7653.6,14657.4,30076.3,38002.6,35197.0,64911.2,100911.4,30193.1,23111.6,28098.9,8222.1,7538.6,6558.3
13,2021-01-14,11269.3,10043.5,10451.8,12184.6,7659.1,14870.8,30933.3,36468.3,33976.5,63267.0,101378.9,29962.7,23152.9,28198.1,8053.2,7490.9,6415.6
14,2021-01-15,11278.1,10072.6,10469.7,12359.0,7673.0,15085.0,31600.0,35285.6,32729.4,61517.3,101836.7,29732.5,23236.2,28291.2,7931.9,7440.1,6295.6
15,2021-01-16,11288.1,10110.8,10494.0,12560.2,7694.1,15271.7,32082.7,34493.9,31500.1,59731.5,102311.3,29516.5,23350.1,28381.5,7851.3,7386.7,6200.7
16,2021-01-17,11299.6,10153.0,10534.2,12762.6,7718.8,15432.4,32381.1,33915.3,30447.4,58018.4,102814.5,29302.4,23459.3,28464.2,7790.0,7331.1,6123.9
17,2021-01-18,11310.1,10196.8,10589.4,12968.3,7744.9,15611.7,32545.1,33366.5,29599.2,56390.6,103372.8,29083.8,23544.8,28535.6,7752.9,7274.9,6065.5
18,2021-01-19,11318.7,10240.5,10655.7,13175.4,7771.9,15823.7,32587.5,32762.0,28931.0,54860.0,103940.7,28874.7,23607.4,28592.4,7762.6,7221.0,6025.1
19,2021-01-20,11326.7,10281.0,10726.4,13376.1,7798.3,16038.9,32468.5,32188.7,28378.5,53393.6,104443.5,28645.2,23643.4,28637.2,7797.4,7171.7,6009.2
20,2021-01-21,11332.7,10315.1,10794.5,13561.9,7822.8,16249.5,32189.0,31702.3,27921.1,51920.2,104865.1,28387.5,23646.5,28674.6,7850.1,7129.9,6018.7
21,2021-01-22,11336.6,10343.9,10863.7,13729.8,7844.7,16451.6,31802.5,31155.9,27573.2,50558.8,105218.9,28119.9,23614.9,28697.2,7917.2,7092.0,6048.0
22,2021-01-23,11338.3,10367.2,10931.1,13878.4,7863.3,16643.0,31343.7,30523.0,27311.5,49325.7,105502.5,27843.9,23547.8,28705.0,7997.5,7057.2,6095.3
23,2021-01-24,11338.4,10387.4,10991.1,14010.2,7879.0,16842.9,30874.5,29890.1,27080.2,48254.4,105728.1,27571.4,23461.8,28711.1,8099.6,7023.4,6165.2
24,2021-01-25,11337.9,10404.7,11040.9,14124.2,7892.3,17050.1,30386.3,29248.8,26869.2,47321.6,105885.3,27311.6,23362.0,28716.5,8226.6,6991.0,6254.2
25,2021-01-26,11336.5,10418.8,11080.0,14215.7,7903.4,17249.6,29881.0,28611.9,26664.2,46500.4,105979.4,27066.6,23255.9,28720.6,8366.3,6957.9,6359.3
26,2021-01-27,11336.0,10431.0,11112.3,14290.8,7912.9,17461.9,29356.9,27988.8,26494.7,45805.8,106023.9,26840.2,23151.4,28729.5,8517.6,6925.3,6475.8
27,2021-01-28,11338.2,10441.7,11144.2,14353.3,7920.5,17689.9,28825.6,27341.7,26396.2,45307.6,106037.5,26642.2,23053.5,28741.4,8672.6,6894.8,6599.3
28,2021-01-29,11342.5,10451.7,11175.1,14402.4,7927.2,17914.4,28312.7,26760.0,26344.4,44971.6,106027.6,26470.0,22969.5,28758.4,8830.8,6866.2,6727.2
29,2021-01-30,11347.9,10459.7,11202.3,14440.2,7932.5,18123.5,27815.4,26316.1,26330.9,44764.2,106014.7,26328.4,22895.0,28779.4,8979.9,6839.4,6859.4
30,2021-01-31,11353.8,10464.4,11219.6,14481.3,7936.6,18320.0,27291.5,26089.3,26344.6,44696.8,106053.6,26227.3,22829.4,28807.8,9104.7,6816.3,6997.7
31,2021-02-01,11361.2,10464.2,11225.3,14529.1,7940.2,18491.4,26711.1,26040.5,26421.7,44794.6,106189.1,26169.1,22759.9,28856.7,9200.0,6802.4,7141.5
32,2021-02-02,11368.6,10462.5,11230.0,14567.5,7942.6,18669.0,26182.1,26052.7,26525.8,44937.3,106340.2,26127.8,22690.5,28921.7,9295.9,6793.1,7282.2
33,2021-02-03,11375.7,10460.1,11235.1,14592.8,7945.2,18849.7,25711.3,26089.5,26652.2,45125.5,106525.3,26104.5,22625.3,29002.0,9381.9,6790.1,7419.1
34,2021-02-04,11383.3,10458.6,11242.0,14608.4,7947.9,19031.1,25290.7,26192.7,26808.7,45340.2,106739.4,26095.5,22565.3,29096.5,9457.1,6792.3,7550.6
35,2021-02-05,11392.0,10458.2,11250.1,14615.8,7949.8,19211.4,24928.9,26363.8,26987.1,45562.5,106967.0,26095.2,22508.1,29203.5,9521.4,6798.0,7674.7
36,2021-02-06,11401.9,10459.4,11260.0,14614.3,7951.4,19385.8,24616.6,26593.3,27199.7,45811.0,107198.9,26104.1,22453.2,29319.9,9577.0,6807.3,7789.3
37,2021-02-07,11412.6,10462.1,11271.3,14604.0,7952.6,19551.7,24347.9,26871.1,27443.4,46092.2,107424.6,26121.6,22398.8,29442.3,9623.0,6818.8,7893.0
38,2021-02-08,11423.7,10465.9,11282.3,14584.3,7953.6,19708.2,24117.0,27176.9,27715.4,46389.6,107638.9,26147.9,22345.4,29567.3,9659.9,6832.4,7985.9
39,2021-02-09,11434.8,10470.5,11292.8,14555.9,7954.4,19852.4,23912.3,27507.5,28013.2,46719.3,107832.5,26183.7,22292.0,29690.9,9687.3,6846.8,8068.0
40,2021-02-10,11445.4,10475.8,11302.0,14518.6,7955.2,19981.8,23724.7,27854.8,28334.9,47089.9,107999.3,26229.5,22241.2,29808.9,9705.1,6860.8,8139.2
41,2021-02-11,11454.9,10480.5,11308.1,14472.2,7955.4,20095.1,23561.4,28199.2,28664.3,47474.8,108128.7,26285.7,22193.7,29917.0,9711.1,6873.5,8198.6
42,2021-02-12,11463.2,10484.4,11310.1,14418.8,7954.9,20194.1,23421.5,28538.5,28995.7,47864.7,108219.3,26349.5,22150.7,30014.5,9706.5,6884.2,8248.1
43,2021-02-13,11470.9,10487.7,11308.7,14360.2,7953.5,20278.7,23311.5,28887.5,29342.3,48252.9,108277.4,26416.1,22117.8,30103.6,9694.0,6894.0,8291.3
44,2021-02-14,11477.5,10490.1,11302.7,14296.5,7951.3,20348.4,23223.2,29245.8,29686.0,48648.2,108297.6,26486.8,22092.9,30182.4,9673.3,6901.8,8326.8
45,2021-02-15,11483.3,10491.6,11292.2,14228.0,7948.2,20403.6,23158.0,29613.4,30025.4,49050.1,108281.4,26563.0,22077.9,30251.0,9645.9,6908.0,8354.6
46,2021-02-16,11488.2,10492.1,11277.3,14155.9,7944.1,20444.8,23115.7,29981.7,30357.2,49457.8,108235.5,26642.8,22071.9,30308.9,9612.8,6912.4,8374.9
47,2021-02-17,11492.1,10491.5,11259.2,14081.8,7939.1,20476.3,23101.1,30332.1,30675.7,49855.8,108183.6,26725.1,22073.8,30355.7,9576.8,6915.4,8389.0
48,2021-02-18,11494.8,10489.4,11238.1,14006.6,7933.0,20491.1,23114.2,30678.9,30978.3,50243.1,108128.6,26808.7,22083.4,30390.7,9539.2,6917.0,8397.0
49,2021-02-19,11496.7,10486.3,11214.5,13931.3,7926.0,20491.4,23163.1,31013.5,31260.7,50616.8,108063.9,26891.6,22100.3,30417.3,9499.9,6917.5,8398.8
50,2021-02-20,11497.7,10482.2,11189.5,13855.7,7918.4,20477.0,23239.2,31331.8,31526.3,50986.2,107990.2,26973.8,22121.8,30436.0,9456.7,6916.9,8393.9
51,2021-02-21,11497.9,10477.2,11163.6,13779.7,7910.3,20445.4,23341.6,31635.0,31775.0,51353.2,107907.1,27055.0,22146.5,30447.6,9409.3,6915.0,8382.6
52,2021-02-22,11497.3,10470.7,11136.5,13702.1,7901.6,20395.0,23470.3,31912.3,31993.0,51693.5,107825.3,27137.5,22173.9,30450.7,9359.0,6911.4,8366.1
53,2021-02-23,11496.0,10463.2,11109.4,13625.1,7892.6,20329.5,23627.1,32160.9,32190.2,52013.8,107746.7,27218.8,22202.6,30448.1,9305.1,6906.3,8344.2
54,2021-02-24,11494.3,10454.9,11082.4,13548.8,7883.5,20247.1,23807.0,32383.8,32367.3,52319.3,107667.2,27298.3,22231.5,30440.4,9247.3,6899.8,8317.7
55,2021-02-25,11492.3,10446.1,11057.0,13473.9,7874.4,20148.8,24003.6,32582.6,32536.6,52613.1,107593.2,27373.7,22260.7,30429.4,9185.0,6892.1,8288.5
56,2021-02-26,11490.3,10437.0,11032.9,13400.8,7865.5,20036.9,24218.0,32750.0,32689.3,52890.7,107526.7,27445.7,22288.7,30415.4,9119.9,6883.2,8256.6
57,2021-02-27,11488.1,10427.7,11010.1,13330.2,7856.8,19913.9,24447.9,32881.5,32824.3,53148.0,107470.9,27513.7,22314.6,30398.9,9052.6,6873.1,8222.8
58,2021-02-28,11485.9,10418.3,10988.8,13262.9,7848.3,19782.5,24689.9,32974.9,32940.4,53380.1,107429.1,27577.2,22337.8,30380.8,8984.0,6862.0,8188.0
59,2021-03-01,11483.8,10408.9,10969.5,13198.7,7840.1,19643.6,24942.3,33034.0,33037.9,53583.9,107396.6,27637.9,22358.3,30361.1,8913.6,6849.9,8151.6
60,2021-03-02,11481.6,10399.6,10951.7,13137.2,7832.4,19497.1,25201.9,33067.8,33114.2,53754.4,107373.6,27695.2,22376.5,30341.0,8842.6,6837.1,8115.2
61,2021-03-03,11479.6,10390.4,10935.4,13079.3,7825.1,19347.0,25462.1,33070.9,33170.8,53892.2,107362.3,27747.7,22391.4,30320.9,8771.0,6823.5,8079.6
62,2021-03-04,11477.7,10381.4,10920.2,13025.4,7818.2,19198.0,25717.3,33037.7,33203.2,53990.8,107360.0,27797.3,22404.9,30301.8,8700.7,6809.3,8045.2
63,2021-03-05,11475.9,10372.6,10906.1,12976.1,7811.9,19052.0,25965.9,32974.6,33214.1,54053.3,107369.1,27842.7,22415.9,30283.6,8631.5,6794.7,8012.4
64,2021-03-06,11474.3,10364.2,10893.4,12931.6,7806.0,18911.3,26207.0,32884.6,33204.8,54079.5,107386.1,27885.5,22424.5,30266.3,8563.9,6780.0,7980.7
65,2021-03-07,11472.7,10356.2,10881.8,12892.3,7800.6,18776.7,26437.6,32773.3,33175.0,54071.0,107409.4,27925.6,22430.7,30250.1,8498.3,6765.4,7950.6
66,2021-03-08,11471.3,10348.6,10871.1,12857.6,7795.6,18648.1,26656.6,32648.9,33127.0,54027.7,107439.9,27962.4,22435.2,30235.3,8435.4,6751.1,7922.5
67,2021-03-09,11469.7,10341.3,10860.5,12827.1,7791.1,18524.8,26862.8,32512.1,33057.3,53947.3,107476.4,27996.7,22438.2,30221.9,8375.1,6737.0,7896.7
68,2021-03-10,11467.8,10334.1,10849.4,12800.5,7786.9,18407.8,27053.7,32357.6,32962.2,53827.6,107518.2,28028.7,22439.2,30209.3,8317.6,6722.8,7873.4
69,2021-03-11,11465.9,10327.1,10838.5,12778.5,7783.1,18300.2,27226.0,32191.1,32854.3,53681.7,107565.6,28057.9,22438.3,30197.8,8263.7,6709.1,7852.1
70,2021-03-12,11463.9,10320.6,10828.1,12761.0,7779.8,18202.6,27378.6,32019.1,32736.9,53515.7,107617.6,28084.6,22436.0,30187.7,8214.0,6696.0,7832.9
71,2021-03-13,11462.0,10314.4,10818.1,12747.5,7776.9,18113.4,27511.0,31849.4,32611.8,53333.1,107672.8,28108.9,22432.2,30178.8,8168.5,6683.6,7815.9
72,2021-03-14,11460.0,10308.6,10808.5,12737.7,7774.4,18032.4,27623.3,31685.0,32481.8,53138.2,107730.5,28131.0,22427.1,30171.4,8127.5,6672.1,7800.9
73,2021-03-15,11458.0,10303.3,10799.4,12731.0,7772.4,17958.8,27716.3,31527.3,32348.7,52934.5,107790.3,28151.1,22420.9,30165.3,8091.3,6661.5,7787.9
74,2021-03-16,11456.1,10298.4,10790.9,12727.1,7770.8,17892.3,27789.9,31378.8,32215.7,52725.9,107851.5,28169.5,22413.5,30160.7,8059.9,6651.9,7776.9
75,2021-03-17,11454.2,10294.0,10783.0,12725.5,7769.6,17832.7,27844.9,31241.0,32084.9,52515.7,107913.5,28186.1,22405.2,30157.4,8032.9,6643.3,7767.7
76,2021-03-18,11452.4,10290.0,10775.9,12726.0,7768.8,17779.3,27881.9,31115.3,31958.4,52307.0,107975.5,28201.3,22396.1,30155.2,8010.5,6635.7,7760.3
77,2021-03-19,11450.6,10286.3,10769.4,12728.0,7768.4,17731.3,27901.6,31002.4,31837.6,52103.0,108037.0,28215.1,22386.2,30154.2,7992.3,6629.2,7754.5
78,2021-03-20,11448.9,10283.1,10763.7,12731.2,7768.4,17688.6,27905.7,30901.4,31723.6,51905.1,108097.4,28227.6,22375.7,30154.2,7978.2,6623.6,7750.3
79,2021-03-21,11447.3,10280.3,10759.0,12735.4,7768.7,17651.3,27895.5,30809.7,31618.9,51719.0,108156.1,28239.6,22365.4,30155.0,7967.8,6619.0,7747.5
80,2021-03-22,11445.8,10277.8,10755.0,12740.1,7769.2,17618.2,27873.0,30729.2,31522.8,51543.7,108212.1,28250.7,22354.9,30156.5,7961.1,6615.3,7746.2
81,2021-03-23,11444.4,10275.8,10751.6,12745.0,7770.0,17588.8,27839.6,30659.1,31435.8,51380.2,108264.9,28261.0,22344.5,30158.4,7957.6,6612.4,7746.1
82,2021-03-24,11443.0,10273.9,10748.8,12749.8,7771.0,17562.1,27796.6,30599.1,31357.8,51230.4,108313.4,28270.5,22334.3,30160.9,7957.3,6610.3,7747.2
83,2021-03-25,11441.8,10272.4,10746.4,12754.3,7772.2,17538.3,27745.5,30547.6,31289.5,51094.5,108357.9,28279.4,22324.3,30163.7,7959.7,6608.9,7749.4
84,2021-03-26,11440.6,10271.1,10744.5,12758.3,7773.5,17517.0,27687.7,30504.1,31231.1,50973.1,108397.9,28287.8,22314.8,30166.5,7964.5,6608.2,7752.6
85,2021-03-27,11439.5,10270.1,10743.0,12761.7,7774.9,17497.8,27624.9,30467.9,31182.6,50866.9,108433.1,28295.8,22305.8,30169.4,7971.5,6608.0,7756.7
86,2021-03-28,11438.6,10269.3,10742.0,12764.3,7776.4,17480.4,27558.4,30438.0,31143.7,50776.2,108463.2,28303.3,22297.4,30172.2,7980.4,6608.4,7761.5
87,2021-03-29,11437.7,10268.7,10741.3,12766.0,7777.9,17464.7,27489.7,30413.9,31114.2,50701.2,108488.3,28310.5,22289.9,30174.8,7990.7,6609.3,7767.0
88,2021-03-30,11437.0,10268.4,10741.0,12766.9,7779.4,17450.2,27420.0,30395.1,31093.5,50641.9,108508.1,28317.2,22283.2,30177.3,8002.4,6610.6,7772.9
89,2021-03-31,11436.4,10268.2,10741.0,12766.8,7780.9,17436.8,27350.7,30380.3,31081.4,50598.0,108522.7,28323.7,22277.4,30179.6,8015.0,6612.3,7779.2
90,2021-04-01,11435.9,10268.2,10741.4,12765.7,7782.3,17424.5,27282.8,30368.9,31077.5,50569.2,108532.0,28329.7,22272.4,30181.5,8028.2,6614.4,7785.7
91,2021-04-02,11435.6,10268.4,10742.0,12763.7,7783.7,17413.0,27217.5,30359.9,31081.2,50555.1,108536.2,28335.4,22268.3,30183.0,8041.7,6616.7,7792.3
92,2021-04-03,11435.3,10268.7,10743.0,12760.7,7784.9,17402.2,27155.5,30352.6,31091.9,50555.1,108535.5,28340.6,22265.0,30184.1,8055.3,6619.2,7798.8
93,2021-04-04,11435.2,10269.1,10744.2,12756.8,7786.1,17392.1,27097.7,30346.2,31108.9,50568.5,108530.1,28345.4,22262.6,30184.8,8068.6,6621.9,7805.2
94,2021-04-05,11435.1,10269.6,10745.6,12752.0,7787.1,17382.6,27044.9,30340.2,31131.4,50594.4,108520.2,28349.6,22260.9,30185.0,8081.6,6624.8,7811.4
95,2021-04-06,11435.2,10270.1,10747.3,12746.5,7788.0,17373.6,26997.4,30334.0,31158.8,50631.8,108506.0,28353.4,22260.1,30184.7,8094.0,6627.7,7817.2
96,2021-04-07,11435.3,10270.8,10749.2,12740.3,7788.7,17365.0,26955.9,30327.1,31190.2,50679.7,108488.0,28356.6,22260.1,30183.9,8105.6,6630.6,7822.5
97,2021-04-08,11435.6,10271.5,10751.2,12733.5,7789.3,17357.0,26920.6,30319.3,31224.8,50736.8,108466.4,28359.3,22260.7,30182.6,8116.3,6633.5,7827.4
98,2021-04-09,11435.9,10272.3,10753.4,12726.2,7789.8,17349.5,26891.7,30310.0,31262.0,50802.1,108441.7,28361.4,22262.1,30180.7,8126.0,6636.4,7831.7
99,2021-04-10,11436.3,10273.1,10755.8,12718.6,7790.1,17342.6,26869.3,30299.0,31300.8,50874.4,108414.2,28363.0,22264.1,30178.4,8134.5,6639.1,7835.4
100,2021-04-11,11436.8,10273.9,10758.2,12710.8,7790.3,17336.3,26853.4,30286.1,31340.5,50952.3,108384.4,28364.0,22266.7,30175.6,8141.8,6641.7,7838.4
101,2021-04-12,11437.3,10274.7,10760.7,12702.8,7790.3,17330.6,26844.0,30271.0,31380.5,51034.6,108352.7,28364.4,22269.8,30172.3,8147.8,6644.1,7840.8
102,2021-04-13,11437.9,10275.5,10763.3,12695.0,7790.2,17325.7,26840.7,30253.8,31420.0,51120.0,108319.7,28364.2,22273.4,30168.7,8152.4,6646.3,7842.4
103,2021-04-14,11438.5,10276.3,10765.9,12687.3,7790.0,17321.6,26843.4,30234.4,31458.4,51207.2,108285.7,28363.5,22277.3,30164.7,8155.8,6648.3,7843.4
104,2021-04-15,11439.2,10277.2,10768.5,12679.9,7789.7,17318.4,26851.8,30212.8,31495.1,51295.1,108251.3,28362.3,22281.6,30160.4,8157.8,6650.1,7843.6
105,2021-04-16,11439.8,10277.9,10771.1,12673.0,7789.3,17316.2,26865.3,30189.3,31529.5,51382.3,108216.8,28360.5,22286.2,30155.9,8158.6,6651.5,7843.1
106,2021-04-17,11440.5,10278.7,10773.7,12666.6,7788.7,17315.0,26883.5,30163.7,31561.3,51468.2,108182.7,28358.2,22291.0,30151.1,8158.1,6652.7,7842.0
107,2021-04-18,11441.3,10279.5,10776.4,12660.9,7788.1,17315.2,26905.9,30135.7,31590.4,51552.6,108149.5,28355.6,22296.1,30146.2,8156.4,6653.6,7840.2
108,2021-04-19,11442.0,10280.2,10779.0,12655.9,7787.5,17316.6,26932.1,30106.5,31616.0,51633.5,108117.3,28352.6,22301.3,30141.2,8153.6,6654.3,7837.7
109,2021-04-20,11442.8,10280.9,10781.6,12651.8,7786.8,17319.2,26961.4,30076.1,31637.9,51710.0,108086.7,28349.1,22306.6,30136.2,8149.9,6654.6,7834.8
110,2021-04-21,11443.5,10281.6,10784.1,12648.6,7786.0,17323.1,26993.3,30045.1,31655.6,51781.1,108057.8,28345.3,22311.7,30131.2,8145.2,6654.7,7831.3
111,2021-04-22,11444.2,10282.3,10786.5,12646.4,7785.2,17328.2,27027.1,30013.6,31669.2,51846.1,108030.9,28341.0,22316.8,30126.3,8139.8,6654.5,7827.3
112,2021-04-23,11444.9,10282.9,10788.8,12645.1,7784.5,17334.5,27062.2,29982.2,31678.5,51904.3,108006.4,28336.5,22321.7,30121.5,8133.7,6654.1,7823.0
113,2021-04-24,11445.5,10283.4,10790.9,12644.8,7783.7,17342.0,27098.1,29950.9,31683.3,51955.1,107984.3,28331.7,22326.5,30116.9,8127.1,6653.4,7818.4
114,2021-04-25,11446.1,10283.9,10792.9,12645.6,7782.9,17350.8,27134.2,29920.1,31684.1,51997.5,107965.1,28326.6,22331.0,30112.5,8120.1,6652.6,7813.5
115,2021-04-26,11446.6,10284.4,10794.8,12647.4,7782.2,17360.6,27169.9,29890.5,31680.6,52031.8,107948.7,28321.3,22335.2,30108.5,8112.9,6651.6,7808.5
116,2021-04-27,11447.1,10284.9,10796.4,12650.2,7781.5,17371.5,27204.6,29862.5,31673.1,52057.8,107935.1,28315.9,22339.0,30104.8,8105.5,6650.5,7803.4
117,2021-04-28,11447.5,10285.3,10797.9,12654.0,7780.9,17383.4,27237.8,29836.5,31661.8,52075.3,107924.3,28310.3,22342.5,30101.5,8098.2,6649.2,7798.2
118,2021-04-29,11447.8,10285.7,10799.3,12658.7,7780.4,17396.1,27269.0,29813.0,31646.9,52084.6,107916.4,28304.7,22345.5,30098.5,8091.0,6647.8,7793.0
119,2021-04-30,11448.1,10286.1,10800.4,12664.2,7779.9,17409.6,27297.8,29792.1,31628.7,52085.8,107911.4,28299.1,22348.1,30096.0,8084.0,6646.4,7788.0
120,2021-05-01,11448.3,10286.4,10801.4,12670.6,7779.5,17423.6,27323.7,29774.0,31607.7,52079.1,107909.1,28293.4,22350.2,30093.9,8077.3,6644.9,7783.1
121,2021-05-02,11448.5,10286.7,10802.3,12677.7,7779.1,17438.1,27346.5,29758.8,31584.1,52064.9,107909.6,28287.8,22351.8,30092.3,8071.2,6643.4,7778.4
122,2021-05-03,11448.5,10286.9,10802.9,12685.4,7778.9,17453.0,27365.8,29746.8,31558.3,52043.8,107912.6,28282.3,22352.9,30091.0,8065.5,6641.9,7774.0
123,2021-05-04,11448.6,10287.2,10803.4,12693.6,7778.7,17468.1,27381.5,29738.0,31530.8,52016.2,107918.1,28277.0,22353.6,30090.2,8060.5,6640.4,7769.9
124,2021-05-05,11448.5,10287.4,10803.7,12702.2,7778.7,17483.2,27393.3,29732.5,31502.0,51982.8,107925.8,28271.8,22353.7,30089.9,8056.3,6638.9,7766.2
125,2021-05-06,11448.4,10287.6,10803.9,12711.2,7778.7,17498.2,27401.1,29730.3,31472.3,51944.2,107935.6,28266.8,22353.4,30089.9,8052.7,6637.5,7763.0
126,2021-05-07,11448.3,10287.7,10803.9,12720.4,7778.8,17513.0,27404.9,29731.4,31442.0,51901.4,107947.2,28262.1,22352.6,30090.4,8050.0,6636.2,7760.2
127,2021-05-08,11448.1,10287.8,10803.8,12729.7,7779.0,17527.4,27404.7,29735.7,31411.6,51854.7,107960.6,28257.6,22351.4,30091.3,8048.1,6635.0,7757.9
128,2021-05-09,11447.9,10287.9,10803.5,12739.0,7779.3,17541.4,27400.7,29743.1,31381.6,51805.2,107975.4,28253.5,22349.7,30092.5,8047.0,6633.8,7756.1
129,2021-05-10,11447.6,10288.0,10803.2,12748.3,7779.7,17554.9,27392.7,29753.4,31352.6,51754.1,107991.6,28249.9,22347.9,30094.2,8046.8,6632.8,7754.9
130,2021-05-11,11447.3,10288.1,10802.9,12757.4,7780.2,17568.0,27381.1,29766.5,31325.0,51702.4,108008.8,28246.7,22345.8,30096.1,8047.5,6632.0,7754.1
131,2021-05-12,11447.1,10288.2,10802.5,12766.2,7780.7,17580.4,27366.3,29782.2,31298.9,51650.3,108026.7,28244.0,22343.6,30098.4,8049.0,6631.3,7754.0
132,2021-05-13,11446.8,10288.3,10802.0,12774.6,7781.3,17592.0,27348.3,29800.3,31274.7,51598.6,108045.0,28241.8,22341.1,30100.9,8051.3,6630.7,7754.3
133,2021-05-14,11446.5,10288.4,10801.6,12782.6,7781.9,17602.8,27327.6,29820.5,31252.6,51548.0,108063.6,28239.9,22338.4,30103.7,8054.4,6630.3,7755.1
134,2021-05-15,11446.2,10288.4,10801.1,12790.1,7782.6,17612.7,27304.4,29842.5,31232.9,51499.2,108082.1,28238.5,22335.6,30106.6,8058.1,6630.1,7756.4
135,2021-05-16,11445.9,10288.5,10800.6,12796.9,7783.3,17621.8,27279.2,29866.0,31215.9,51452.7,108100.3,28237.6,22332.7,30109.7,8062.5,6630.0,7758.2
136,2021-05-17,11445.6,10288.6,10800.1,12803.1,7784.0,17629.8,27252.3,29890.7,31201.6,51409.1,108118.0,28237.1,22329.8,30113.0,8067.5,6630.1,7760.4
137,2021-05-18,11445.3,10288.6,10799.6,12808.6,7784.7,17636.7,27224.0,29916.4,31190.0,51368.9,108134.9,28236.9,22326.8,30116.3,8072.9,6630.3,7762.9
138,2021-05-19,11445.1,10288.7,10799.1,12813.4,7785.4,17642.6,27194.7,29942.8,31181.3,51332.5,108150.8,28237.2,22323.9,30119.6,8078.8,6630.6,7765.8
139,2021-05-20,11444.8,10288.8,10798.6,12817.3,7786.2,17647.4,27165.0,29969.4,31175.6,51300.4,108165.7,28237.8,22321.1,30123.0,8084.9,6631.1,7769.0
140,2021-05-21,11444.6,10288.8,10798.0,12820.5,7786.9,17651.1,27135.2,29996.0,31172.7,51272.6,108179.3,28238.8,22318.4,30126.3,8091.4,6631.7,7772.4
141,2021-05-22,11444.4,10288.8,10797.5,12822.8,7787.6,17653.7,27105.7,30022.2,31172.7,51249.4,108191.5,28240.1,22315.8,30129.5,8098.0,6632.3,7776.1
142,2021-05-23,11444.2,10288.9,10797.0,12824.4,7788.2,17655.2,27076.9,30048.0,31175.5,51231.1,108202.1,28241.6,22313.4,30132.5,8104.6,6633.1,7779.8
143,2021-05-24,11444.0,10288.9,10796.5,12825.1,7788.8,17655.7,27049.1,30072.9,31181.1,51217.3,108211.5,28243.5,22311.3,30135.5,8111.3,6634.0,7783.7
144,2021-05-25,11443.8,10288.9,10796.0,12825.1,7789.4,17655.3,27022.7,30096.8,31189.3,51208.2,108219.3,28245.5,22309.3,30138.3,8117.8,6635.0,7787.7
145,2021-05-26,11443.7,10289.0,10795.6,12824.3,7789.9,17653.9,26997.8,30119.5,31199.9,51204.0,108225.4,28247.8,22307.6,30141.0,8124.2,6636.1,7791.6
146,2021-05-27,11443.6,10289.0,10795.3,12822.8,7790.3,17651.6,26974.9,30140.9,31212.6,51204.4,108229.9,28250.2,22306.1,30143.4,8130.3,6637.2,7795.4
147,2021-05-28,11443.6,10289.0,10794.9,12820.7,7790.7,17648.6,26954.0,30160.8,31227.4,51209.4,108232.6,28252.8,22304.9,30145.6,8136.1,6638.3,7799.2
148,2021-05-29,11443.5,10289.1,10794.7,12817.9,7791.0,17644.8,26935.5,30178.9,31243.8,51218.8,108233.7,28255.4,22303.9,30147.6,8141.5,6639.5,7802.8
149,2021-05-30,11443.5,10289.1,10794.5,12814.5,7791.3,17640.3,26919.5,30195.1,31261.8,51232.2,108233.2,28258.0,22303.2,30149.3,8146.4,6640.7,7806.2
150,2021-05-31,11443.5,10289.1,10794.3,12810.7,7791.5,17635.2,26906.1,30209.3,31281.0,51249.4,108231.2,28260.7,22302.7,30150.7,8150.9,6641.8,7809.3
151,2021-06-01,11443.6,10289.2,10794.2,12806.4,7791.6,17629.6,26895.3,30221.4,31301.1,51270.0,108227.7,28263.3,22302.5,30151.8,8154.8,6642.9,7812.2
152,2021-06-02,11443.7,10289.2,10794.2,12801.7,7791.7,17623.5,26887.3,30231.3,31321.8,51293.7,108222.8,28265.9,22302.6,30152.6,8158.2,6644.0,7814.9
153,2021-06-03,11443.8,10289.2,10794.1,12796.7,7791.7,17617.1,26882.0,30239.0,31342.9,51319.9,108216.6,28268.4,22302.8,30153.2,8161.0,6645.0,7817.2
154,2021-06-04,11443.9,10289.2,10794.1,12791.4,7791.6,17610.4,26879.4,30244.5,31364.0,51348.5,108209.3,28270.8,22303.4,30153.4,8163.2,6646.0,7819.2
155,2021-06-05,11444.0,10289.2,10794.2,12786.0,7791.5,17603.5,26879.4,30247.8,31385.0,51378.7,108201.0,28273.0,22304.1,30153.3,8164.8,6646.9,7820.8
156,2021-06-06,11444.2,10289.2,10794.3,12780.5,7791.3,17596.5,26882.1,30249.0,31405.5,51410.3,108191.8,28275.1,22305.0,30153.0,8165.7,6647.6,7822.1
157,2021-06-07,11444.3,10289.2,10794.3,12774.9,7791.1,17589.5,26887.3,30248.2,31425.3,51442.8,108182.0,28277.1,22306.1,30152.4,8166.1,6648.3,7823.1
158,2021-06-08,11444.5,10289.1,10794.5,12769.4,7790.8,17582.6,26894.8,30245.4,31444.1,51475.7,108171.6,28278.9,22307.4,30151.5,8165.8,6648.9,7823.7
159,2021-06-09,11444.7,10289.1,10794.6,12764.0,7790.4,17575.9,26904.4,30240.6,31461.9,51508.7,108160.9,28280.4,22308.8,30150.5,8165.0,6649.4,7823.9
160,2021-06-10,11444.8,10289.0,10794.7,12758.8,7790.0,17569.3,26916.0,30234.1,31478.3,51541.1,108150.0,28281.8,22310.3,30149.2,8163.6,6649.7,7823.8
161,2021-06-11,11445.0,10289.0,10794.9,12753.8,7789.6,17563.1,26929.4,30225.9,31493.3,51572.7,108139.1,28283.0,22311.8,30147.8,8161.7,6650.0,7823.4
162,2021-06-12,11445.2,10288.9,10795.1,12749.1,7789.2,17557.2,26944.3,30216.2,31506.6,51603.1,108128.4,28283.9,22313.5,30146.2,8159.3,6650.1,7822.7
163,2021-06-13,11445.4,10288.8,10795.2,12744.7,7788.7,17551.7,26960.5,30205.3,31518.2,51632.0,108117.9,28284.6,22315.2,30144.6,8156.5,6650.1,7821.8
164,2021-06-14,11445.6,10288.7,10795.4,12740.7,7788.3,17546.7,26977.8,30193.1,31528.0,51659.1,108107.8,28285.2,22316.9,30142.8,8153.3,6650.0,7820.5
165,2021-06-15,11445.8,10288.6,10795.6,12737.1,7787.8,17542.3,26995.8,30179.8,31536.1,51684.3,108098.3,28285.5,22318.6,30141.0,8149.7,6649.8,7819.0
166,2021-06-16,11446.0,10288.5,10795.8,12734.0,7787.3,17538.4,27014.4,30165.9,31542.2,51707.1,108089.5,28285.7,22320.3,30139.1,8145.9,6649.5,7817.3
167,2021-06-17,11446.1,10288.4,10796.0,12731.3,7786.8,17535.0,27033.4,30151.4,31546.4,51727.2,108081.4,28285.6,22322.0,30137.3,8141.9,6649.1,7815.4
168,2021-06-18,11446.3,10288.3,10796.2,12729.1,7786.4,17532.3,27052.4,30136.7,31548.6,51744.5,108074.1,28285.4,22323.6,30135.4,8137.7,6648.6,7813.4
169,2021-06-19,11446.4,10288.2,10796.4,12727.4,7785.9,17530.2,27071.2,30121.9,31549.0,51758.8,108067.7,28285.0,22325.1,30133.6,8133.3,6648.1,7811.2
170,2021-06-20,11446.5,10288.1,10796.5,12726.2,7785.5,17528.6,27089.5,30107.1,31547.5,51769.9,108062.2,28284.5,22326.4,30131.9,8129.0,6647.5,7809.0
171,2021-06-21,11446.6,10288.0,10796.6,12725.4,7785.1,17527.6,27107.2,30092.7,31544.2,51778.0,108057.8,28283.8,22327.7,30130.3,8124.6,6646.8,7806.7
172,2021-06-22,11446.7,10287.9,10796.7,12725.2,7784.7,17527.2,27124.1,30078.7,31539.3,51782.8,108054.4,28282.9,22328.8,30128.8,8120.3,6646.0,7804.3
173,2021-06-23,11446.8,10287.8,10796.8,12725.4,7784.4,17527.3,27139.9,30065.4,31532.9,51784.5,108052.1,28282.0,22329.8,30127.3,8116.2,6645.3,7802.0
174,2021-06-24,11446.8,10287.7,10796.8,12726.0,7784.0,17527.9,27154.5,30052.9,31525.0,51783.1,108050.7,28281.0,22330.6,30126.1,8112.2,6644.5,7799.8
175,2021-06-25,11446.8,10287.6,10796.9,12727.1,7783.8,17529.0,27167.8,30041.4,31515.9,51778.7,108050.4,28279.9,22331.2,30125.0,8108.4,6643.7,7797.6
176,2021-06-26,11446.8,10287.4,10796.8,12728.5,7783.6,17530.5,27179.6,30031.0,31505.7,51771.3,108051.2,28278.7,22331.7,30124.0,8104.8,6642.9,7795.5
177,2021-06-27,11446.8,10287.3,10796.8,12730.2,7783.4,17532.4,27189.9,30021.8,31494.7,51761.3,108053.0,28277.6,22332.1,30123.2,8101.6,6642.1,7793.5
178,2021-06-28,11446.7,10287.3,10796.7,12732.3,7783.2,17534.6,27198.5,30013.9,31482.9,51748.8,108055.6,28276.4,22332.2,30122.7,8098.6,6641.4,7791.7
179,2021-06-29,11446.7,10287.2,10796.6,12734.6,7783.2,17537.0,27205.3,30007.4,31470.5,51734.1,108059.1,28275.2,22332.2,30122.2,8096.0,6640.6,7790.0
180,2021-06-30,11446.6,10287.1,10796.4,12737.2,7783.1,17539.7,27210.5,30002.2,31457.9,51717.6,108063.3,28274.1,22332.0,30122.0,8093.8,6640.0,7788.5
181,2021-07-01,11446.5,10287.0,10796.3,12739.9,7783.1,17542.7,27213.8,29998.1,31445.2,51699.8,108068.2,28273.0,22331.8,30121.9,8091.9,6639.3,7787.2
182,2021-07-02,11446.4,10287.0,10796.1,12742.8,7783.1,17545.8,27215.5,29995.4,31432.5,51680.8,108073.6,28272.0,22331.3,30122.0,8090.5,6638.7,7786.0
183,2021-07-03,11446.3,10286.9,10796.0,12745.7,7783.2,17548.9,27215.5,29994.0,31420.0,51660.9,108079.6,28271.1,22330.8,30122.2,8089.4,6638.2,7785.1
184,2021-07-04,11446.2,10286.9,10795.8,12748.7,7783.3,17552.1,27213.9,29993.9,31407.9,51640.4,108085.8,28270.3,22330.1,30122.6,8088.8,6637.7,7784.4
185,2021-07-05,11446.1,10286.8,10795.6,12751.7,7783.5,17555.3,27210.7,29994.9,31396.2,51619.6,108092.4,28269.5,22329.3,30123.1,8088.5,6637.3,7783.9
186,2021-07-06,11446.0,10286.8,10795.5,12754.6,7783.6,17558.4,27206.2,29997.1,31385.2,51598.8,108099.0,28268.9,22328.5,30123.7,8088.6,6637.0,7783.6
187,2021-07-07,11445.8,10286.8,10795.3,12757.5,7783.8,17561.4,27200.3,30000.3,31374.9,51578.3,108105.8,28268.3,22327.6,30124.4,8089.1,6636.7,7783.5
188,2021-07-08,11445.7,10286.8,10795.1,12760.2,7784.0,17564.2,27193.2,30004.5,31365.5,51558.2,108112.5,28267.9,22326.6,30125.2,8089.9,6636.5,7783.7
189,2021-07-09,11445.6,10286.8,10794.9,12762.8,7784.3,17566.9,27185.1,30009.5,31357.0,51539.0,108119.1,28267.5,22325.5,30126.0,8091.0,6636.4,7784.0
190,2021-07-10,11445.4,10286.8,10794.7,12765.2,7784.5,17569.4,27176.1,30015.3,31349.5,51520.8,108125.5,28267.3,22324.5,30126.9,8092.4,6636.3,7784.4
191,2021-07-11,11445.3,10286.8,10794.5,12767.4,7784.8,17571.6,27166.4,30021.6,31343.1,51503.8,108131.6,28267.2,22323.4,30127.9,8094.1,6636.3,7785.1
192,2021-07-12,11445.2,10286.8,10794.3,12769.3,7785.0,17573.5,27156.1,30028.5,31337.7,51488.1,108137.3,28267.2,22322.4,30128.8,8095.9,6636.4,7785.9
193,2021-07-13,11445.1,10286.8,10794.1,12771.1,7785.3,17575.2,27145.4,30035.8,31333.6,51474.0,108142.7,28267.3,22321.3,30129.8,8098.0,6636.5,7786.8
194,2021-07-14,11445.0,10286.8,10794.0,12772.5,7785.6,17576.6,27134.4,30043.4,31330.5,51461.6,108147.6,28267.5,22320.3,30130.8,8100.2,6636.6,7787.8
195,2021-07-15,11444.9,10286.8,10793.8,12773.7,7785.9,17577.7,27123.4,30051.1,31328.6,51451.0,108152.0,28267.8,22319.3,30131.8,8102.6,6636.9,7789.0
196,2021-07-16,11444.8,10286.9,10793.7,12774.7,7786.1,17578.4,27112.4,30058.9,31327.9,51442.0,108156.0,28268.2,22318.4,30132.8,8105.0,6637.1,7790.2
197,2021-07-17,11444.7,10286.9,10793.5,12775.3,7786.4,17578.9,27101.7,30066.5,31328.3,51434.9,108159.4,28268.6,22317.6,30133.7,8107.5,6637.5,7791.4
198,2021-07-18,11444.6,10286.9,10793.4,12775.7,7786.6,17579.1,27091.3,30074.1,31329.7,51429.7,108162.2,28269.1,22316.8,30134.6,8109.9,6637.8,7792.8
199,2021-07-19,11444.6,10287.0,10793.4,12775.8,7786.8,17579.0,27081.3,30081.4,31332.1,51426.4,108164.4,28269.7,22316.1,30135.5,8112.4,6638.2,7794.1
200,2021-07-20,11444.5,10287.0,10793.3,12775.7,7787.0,17578.6,27072.0,30088.4,31335.5,51424.9,108166.0,28270.4,22315.5,30136.3,8114.8,6638.7,7795.4
201,2021-07-21,11444.5,10287.1,10793.3,12775.3,7787.2,17578.0,27063.3,30095.0,31339.6,51425.2,108167.0,28271.0,22314.9,30137.0,8117.1,6639.1,7796.7
202,2021-07-22,11444.5,10287.1,10793.2,12774.6,7787.3,17577.1,27055.3,30101.1,31344.6,51427.2,108167.3,28271.7,22314.5,30137.7,8119.3,6639.5,7798.0
203,2021-07-23,11444.5,10287.2,10793.2,12773.8,7787.5,17576.0,27048.2,30106.6,31350.2,51430.9,108167.1,28272.4,22314.2,30138.2,8121.3,6640.0,7799.3
204,2021-07-24,11444.5,10287.2,10793.3,12772.7,7787.6,17574.7,27042.0,30111.5,31356.3,51436.1,108166.3,28273.1,22313.9,30138.7,8123.2,6640.5,7800.4
205,2021-07-25,11444.5,10287.3,10793.3,12771.5,7787.7,17573.2,27036.8,30115.7,31362.9,51442.7,108164.9,28273.9,22313.8,30139.0,8125.0,6640.9,7801.5
206,2021-07-26,11444.5,10287.3,10793.4,12770.1,7787.7,17571.6,27032.5,30119.3,31369.8,51450.5,108163.1,28274.6,22313.8,30139.3,8126.5,6641.3,7802.5
207,2021-07-27,11444.5,10287.4,10793.4,12768.6,7787.8,17569.8,27029.2,30122.2,31377.0,51459.5,108160.7,28275.2,22313.8,30139.5,8127.9,6641.7,7803.4
208,2021-07-28,11444.6,10287.4,10793.5,12767.0,7787.8,17568.0,27026.9,30124.3,31384.4,51469.4,108158.0,28275.9,22313.9,30139.5,8129.0,6642.1,7804.2
209,2021-07-29,11444.6,10287.4,10793.6,12765.4,7787.8,17566.1,27025.6,30125.7,31391.7,51480.1,108154.8,28276.4,22314.1,30139.5,8129.9,6642.5,7804.9
210,2021-07-30,11444.7,10287.5,10793.7,12763.6,7787.8,17564.1,27025.3,30126.3,31399.0,51491.4,108151.4,28277.0,22314.4,30139.4,8130.6,6642.8,7805.5
211,2021-07-31,11444.8,10287.5,10793.8,12761.9,7787.7,17562.2,27025.9,30126.3,31406.1,51503.2,108147.7,28277.5,22314.8,30139.2,8131.0,6643.1,7805.9
212,2021-08-01,11444.8,10287.5,10793.9,12760.1,7787.6,17560.2,27027.4,30125.6,31413.0,51515.3,108143.8,28277.9,22315.2,30138.9,8131.2,6643.4,7806.2
213,2021-08-02,11444.9,10287.6,10794.0,12758.3,7787.5,17558.3,27029.8,30124.2,31419.6,51527.5,108139.8,28278.3,22315.7,30138.5,8131.2,6643.6,7806.4
214,2021-08-03,11445.0,10287.6,10794.2,12756.6,7787.4,17556.5,27033.0,30122.3,31425.7,51539.6,108135.7,28278.6,22316.2,30138.1,8131.0,6643.8,7806.5
215,2021-08-04,11445.1,10287.6,10794.3,12755.0,7787.3,17554.8,27036.8,30119.8,31431.4,51551.5,108131.6,28278.9,22316.8,30137.6,8130.6,6644.0,7806.5
216,2021-08-05,11445.1,10287.6,10794.4,12753.5,7787.2,17553.2,27041.3,30116.8,31436.5,51563.1,108127.5,28279.0,22317.4,30137.1,8130.0,6644.0,7806.3
217,2021-08-06,11445.2,10287.6,10794.6,12752.0,7787.0,17551.7,27046.3,30113.3,31441.1,51574.2,108123.5,28279.1,22318.0,30136.5,8129.3,6644.1,7806.1
218,2021-08-07,11445.3,10287.6,10794.7,12750.7,7786.9,17550.3,27051.8,30109.5,31445.0,51584.6,108119.7,28279.2,22318.6,30135.9,8128.4,6644.1,7805.7
219,2021-08-08,11445.4,10287.6,10794.8,12749.5,7786.7,17549.1,27057.7,30105.3,31448.3,51594.3,108116.0,28279.2,22319.2,30135.3,8127.3,6644.1,7805.3
220,2021-08-09,11445.4,10287.6,10794.9,12748.4,7786.6,17548.1,27063.8,30100.9,31450.9,51603.1,108112.6,28279.1,22319.8,30134.7,8126.1,6644.0,7804.7
221,2021-08-10,11445.5,10287.6,10795.0,12747.5,7786.4,17547.2,27070.2,30096.3,31452.8,51611.0,108109.4,28278.9,22320.4,30134.0,8124.9,6643.9,7804.1
222,2021-08-11,11445.6,10287.6,10795.1,12746.8,7786.2,17546.6,27076.6,30091.6,31454.1,51617.9,108106.6,28278.7,22321.0,30133.4,8123.5,6643.8,7803.5
223,2021-08-12,11445.6,10287.6,10795.2,12746.2,7786.1,17546.1,27083.0,30086.8,31454.7,51623.7,108104.1,28278.5,22321.6,30132.8,8122.1,6643.6,7802.8
224,2021-08-13,11445.7,10287.5,10795.3,12745.8,7785.9,17545.8,27089.4,30082.1,31454.6,51628.4,108101.9,28278.2,22322.1,30132.2,8120.7,6643.4,7802.0
225,2021-08-14,11445.7,10287.5,10795.4,12745.5,7785.8,17545.7,27095.5,30077.5,31453.9,51632.0,108100.2,28277.9,22322.6,30131.7,8119.2,6643.2,7801.3
226,2021-08-15,11445.8,10287.5,10795.4,12745.4,7785.7,17545.8,27101.5,30073.0,31452.6,51634.5,108098.7,28277.5,22323.0,30131.1,8117.7,6643.0,7800.5
227,2021-08-16,11445.8,10287.5,10795.5,12745.5,7785.6,17546.0,27107.1,30068.7,31450.7,51635.8,108097.7,28277.1,22323.4,30130.7,8116.3,6642.7,7799.7
228,2021-08-17,11445.8,10287.4,10795.5,12745.7,7785.4,17546.4,27112.3,30064.7,31448.3,51636.0,108097.1,28276.7,22323.7,30130.2,8114.9,6642.5,7798.9
229,2021-08-18,11445.8,10287.4,10795.6,12746.1,7785.3,17547.0,27117.1,30060.9,31445.5,51635.2,108096.9,28276.3,22324.0,30129.9,8113.6,6642.2,7798.2
230,2021-08-19,11445.9,10287.4,10795.6,12746.6,7785.3,17547.7,27121.4,30057.5,31442.3,51633.4,108097.0,28275.8,22324.2,30129.5,8112.3,6641.9,7797.4
231,2021-08-20,11445.9,10287.4,10795.6,12747.2,7785.2,17548.5,27125.2,30054.5,31438.7,51630.6,108097.5,28275.4,22324.3,30129.3,8111.2,6641.6,7796.7
232,2021-08-21,11445.8,10287.3,10795.6,12747.9,7785.1,17549.4,27128.5,30051.9,31434.8,51626.9,108098.3,28275.0,22324.4,30129.1,8110.1,6641.4,7796.1
233,2021-08-22,11445.8,10287.3,10795.6,12748.8,7785.1,17550.4,27131.1,30049.7,31430.7,51622.4,108099.4,28274.5,22324.5,30128.9,8109.2,6641.1,7795.5
234,2021-08-23,11445.8,10287.3,10795.5,12749.7,7785.1,17551.5,27133.2,30047.9,31426.5,51617.3,108100.8,28274.1,22324.4,30128.8,8108.3,6640.8,7794.9
235,2021-08-24,11445.8,10287.3,10795.5,12750.6,7785.1,17552.7,27134.7,30046.6,31422.1,51611.5,108102.5,28273.7,22324.4,30128.8,8107.6,6640.6,7794.5
236,2021-08-25,11445.8,10287.2,10795.4,12751.6,7785.1,17553.9,27135.6,30045.7,31417.7,51605.2,108104.4,28273.4,22324.3,30128.8,8107.1,6640.4,7794.0
237,2021-08-26,11445.7,10287.2,10795.4,12752.7,7785.1,17555.1,27135.8,30045.3,31413.4,51598.5,108106.5,28273.0,22324.1,30128.9,8106.7,6640.2,7793.7
238,2021-08-27,11445.7,10287.2,10795.3,12753.8,7785.1,17556.3,27135.5,30045.3,31409.1,51591.5,108108.8,28272.7,22323.9,30129.0,8106.4,6640.0,7793.4
239,2021-08-28,11445.7,10287.2,10795.3,12754.8,7785.2,17557.6,27134.7,30045.7,31405.0,51584.3,108111.1,28272.5,22323.6,30129.2,8106.2,6639.8,7793.2
240,2021-08-29,11445.6,10287.2,10795.2,12755.9,7785.2,17558.7,27133.4,30046.6,31401.0,51577.0,108113.6,28272.3,22323.4,30129.4,8106.2,6639.7,7793.1
241,2021-08-30,11445.6,10287.1,10795.1,12756.9,7785.3,17559.9,27131.5,30047.8,31397.3,51569.7,108116.1,28272.1,22323.1,30129.7,8106.3,6639.6,7793.1
242,2021-08-31,11445.5,10287.1,10795.0,12757.9,7785.3,17561.0,27129.3,30049.3,31393.9,51562.5,108118.6,28271.9,22322.7,30130.0,8106.5,6639.5,7793.1
243,2021-09-01,11445.5,10287.1,10795.0,12758.9,7785.4,17562.0,27126.6,30051.1,31390.8,51555.6,108121.1,28271.8,22322.4,30130.3,8106.8,6639.4,7793.2
244,2021-09-02,11445.4,10287.1,10794.9,12759.7,7785.5,17562.9,27123.7,30053.3,31388.1,51548.9,108123.6,28271.8,22322.0,30130.7,8107.3,6639.4,7793.3
245,2021-09-03,11445.4,10287.1,10794.8,12760.5,7785.6,17563.8,27120.4,30055.6,31385.7,51542.6,108125.9,28271.8,22321.6,30131.1,8107.8,6639.4,7793.5
246,2021-09-04,11445.3,10287.1,10794.7,12761.3,7785.7,17564.5,27116.9,30058.2,31383.7,51536.7,108128.2,28271.8,22321.3,30131.4,8108.4,6639.4,7793.8
247,2021-09-05,11445.3,10287.1,10794.6,12761.9,7785.8,17565.1,27113.2,30060.9,31382.1,51531.3,108130.3,28271.8,22320.9,30131.8,8109.1,6639.4,7794.1
248,2021-09-06,11445.3,10287.1,10794.6,12762.5,7785.9,17565.7,27109.4,30063.7,31380.9,51526.5,108132.2,28271.9,22320.6,30132.2,8109.9,6639.5,7794.5
249,2021-09-07,11445.2,10287.1,10794.5,12762.9,7786.0,17566.1,27105.6,30066.6,31380.1,51522.3,108134.0,28272.1,22320.2,30132.6,8110.7,6639.5,7794.9
250,2021-09-08,11445.2,10287.1,10794.5,12763.3,7786.1,17566.4,27101.7,30069.5,31379.7,51518.7,108135.6,28272.2,22319.9,30133.0,8111.5,6639.6,7795.3
251,2021-09-09,11445.2,10287.2,10794.4,12763.5,7786.2,17566.6,27097.9,30072.4,31379.7,51515.8,108136.9,28272.4,22319.6,30133.3,8112.4,6639.7,7795.7
252,2021-09-10,11445.1,10287.2,10794.3,12763.7,7786.2,17566.6,27094.2,30075.3,31380.1,51513.5,108138.0,28272.6,22319.3,30133.7,8113.3,6639.9,7796.2
253,2021-09-11,11445.1,10287.2,10794.3,12763.8,7786.3,17566.6,27090.6,30078.0,31380.9,51511.9,108138.9,28272.9,22319.0,30134.0,8114.2,6640.0,7796.7
254,2021-09-12,11445.1,10287.2,10794.3,12763.7,7786.4,17566.5,27087.2,30080.6,31382.0,51511.0,108139.6,28273.1,22318.8,30134.3,8115.0,6640.2,7797.1
255,2021-09-13,11445.1,10287.2,10794.2,12763.6,7786.5,17566.2,27084.1,30083.1,31383.4,51510.8,108140.0,28273.4,22318.6,30134.6,8115.9,6640.3,7797.6
256,2021-09-14,11445.1,10287.2,10794.2,12763.4,7786.5,17565.9,27081.2,30085.4,31385.1,51511.2,108140.2,28273.7,22318.4,30134.8,8116.7,6640.5,7798.1
257,2021-09-15,11445.0,10287.2,10794.2,12763.1,7786.6,17565.4,27078.5,30087.5,31387.0,51512.3,108140.2,28273.9,22318.3,30135.0,8117.4,6640.6,7798.5
258,2021-09-16,11445.0,10287.3,10794.2,12762.7,7786.6,17564.9,27076.2,30089.4,31389.2,51513.9,108139.9,28274.2,22318.2,30135.2,8118.1,6640.8,7798.9
259,2021-09-17,11445.0,10287.3,10794.2,12762.3,7786.6,17564.4,27074.3,30091.0,31391.5,51516.0,108139.5,28274.5,22318.2,30135.3,8118.8,6641.0,7799.3
260,2021-09-18,11445.1,10287.3,10794.2,12761.8,7786.7,17563.7,27072.6,30092.4,31393.9,51518.6,108138.8,28274.8,22318.1,30135.4,8119.4,6641.1,7799.7
261,2021-09-19,11445.1,10287.3,10794.2,12761.2,7786.7,17563.1,27071.4,30093.5,31396.5,51521.7,108138.0,28275.0,22318.1,30135.5,8119.9,6641.3,7800.0
262,2021-09-20,11445.1,10287.3,10794.2,12760.6,7786.7,17562.4,27070.5,30094.4,31399.1,51525.1,108137.0,28275.3,22318.2,30135.5,8120.3,6641.4,7800.3
263,2021-09-21,11445.1,10287.3,10794.3,12760.0,7786.7,17561.6,27069.9,30094.9,31401.8,51528.9,108135.8,28275.5,22318.3,30135.5,8120.6,6641.6,7800.5
264,2021-09-22,11445.1,10287.3,10794.3,12759.4,7786.7,17560.9,27069.7,30095.2,31404.4,51532.9,108134.6,28275.7,22318.3,30135.4,8120.9,6641.7,7800.8
265,2021-09-23,11445.1,10287.4,10794.3,12758.7,7786.7,17560.1,27069.9,30095.3,31407.0,51537.1,108133.2,28275.9,22318.5,30135.3,8121.1,6641.8,7800.9
266,2021-09-24,11445.2,10287.4,10794.4,12758.1,7786.6,17559.3,27070.4,30095.0,31409.5,51541.4,108131.8,28276.1,22318.6,30135.2,8121.2,6641.9,7801.0
267,2021-09-25,11445.2,10287.4,10794.4,12757.4,7786.6,17558.6,27071.2,30094.5,31411.9,51545.8,108130.3,28276.2,22318.8,30135.1,8121.2,6642.0,7801.1
268,2021-09-26,11445.2,10287.4,10794.4,12756.8,7786.6,17557.9,27072.2,30093.8,31414.1,51550.2,108128.8,28276.3,22319.0,30134.9,8121.2,6642.1,7801.2
269,2021-09-27,11445.2,10287.4,10794.5,12756.2,7786.5,17557.2,27073.6,30092.9,31416.2,51554.5,108127.3,28276.4,22319.2,30134.7,8121.0,6642.1,7801.1
270,2021-09-28,11445.3,10287.4,10794.5,12755.6,7786.5,17556.6,27075.2,30091.8,31418.1,51558.7,108125.8,28276.5,22319.4,30134.5,8120.8,6642.2,7801.1
271,2021-09-29,11445.3,10287.4,10794.6,12755.1,7786.4,17556.0,27077.0,30090.5,31419.8,51562.8,108124.3,28276.5,22319.6,30134.3,8120.6,6642.2,7801.0
272,2021-09-30,11445.3,10287.4,10794.6,12754.6,7786.4,17555.4,27078.9,30089.1,31421.3,51566.6,108122.8,28276.5,22319.8,30134.1,8120.2,6642.2,7800.9
273,2021-10-01,11445.3,10287.4,10794.7,12754.1,7786.3,17555.0,27081.0,30087.5,31422.5,51570.2,108121.4,28276.5,22320.0,30133.9,8119.9,6642.2,7800.7
274,2021-10-02,11445.4,10287.4,10794.7,12753.7,7786.3,17554.6,27083.3,30085.9,31423.5,51573.5,108120.1,28276.5,22320.3,30133.6,8119.4,6642.2,7800.5
275,2021-10-03,11445.4,10287.4,10794.8,12753.4,7786.2,17554.2,27085.6,30084.2,31424.3,51576.5,108118.9,28276.4,22320.5,30133.4,8119.0,6642.1,7800.3
276,2021-10-04,11445.4,10287.4,10794.8,12753.1,7786.1,17553.9,27087.9,30082.4,31424.8,51579.1,108117.8,28276.4,22320.7,30133.2,8118.5,6642.1,7800.1
277,2021-10-05,11445.4,10287.4,10794.8,12752.9,7786.1,17553.7,27090.2,30080.6,31425.0,51581.3,108116.9,28276.3,22320.9,30132.9,8118.0,6642.0,7799.8
278,2021-10-06,11445.5,10287.4,10794.9,12752.7,7786.0,17553.6,27092.6,30078.8,31425.0,51583.1,108116.0,28276.1,22321.1,30132.7,8117.5,6642.0,7799.6
279,2021-10-07,11445.5,10287.4,10794.9,12752.6,7786.0,17553.6,27094.8,30077.1,31424.8,51584.5,108115.3,28276.0,22321.2,30132.5,8116.9,6641.9,7799.3
280,2021-10-08,11445.5,10287.3,10794.9,12752.6,7785.9,17553.6,27097.0,30075.4,31424.3,51585.5,108114.8,28275.9,22321.4,30132.3,8116.4,6641.8,7799.0
281,2021-10-09,11445.5,10287.3,10795.0,12752.6,7785.9,17553.6,27099.1,30073.7,31423.7,51586.1,108114.3,28275.7,22321.5,30132.1,8115.9,6641.7,7798.7
282,2021-10-10,11445.5,10287.3,10795.0,12752.6,7785.8,17553.8,27101.0,30072.2,31422.9,51586.3,108114.1,28275.6,22321.7,30131.9,8115.4,6641.6,7798.4
283,2021-10-11,11445.5,10287.3,10795.0,12752.8,7785.8,17554.0,27102.8,30070.8,31421.8,51586.1,108113.9,28275.4,22321.8,30131.8,8114.9,6641.5,7798.1
284,2021-10-12,11445.5,10287.3,10795.0,12752.9,7785.8,17554.2,27104.4,30069.4,31420.7,51585.5,108113.9,28275.2,22321.8,30131.7,8114.4,6641.4,7797.9
285,2021-10-13,11445.5,10287.3,10795.0,12753.2,7785.8,17554.5,27105.8,30068.3,31419.4,51584.5,108114.1,28275.1,22321.9,30131.6,8114.0,6641.3,7797.6
286,2021-10-14,11445.5,10287.3,10795.0,12753.4,7785.7,17554.9,27107.0,30067.3,31418.0,51583.3,108114.3,28274.9,22321.9,30131.5,8113.6,6641.2,7797.4
287,2021-10-15,11445.5,10287.3,10795.0,12753.7,7785.7,17555.2,27108.1,30066.4,31416.5,51581.7,108114.7,28274.7,22322.0,30131.4,8113.2,6641.1,7797.1
288,2021-10-16,11445.5,10287.3,10795.0,12754.1,7785.7,17555.7,27108.9,30065.7,31414.9,51579.9,108115.2,28274.6,22322.0,30131.4,8112.9,6641.0,7796.9
289,2021-10-17,11445.5,10287.3,10795.0,12754.4,7785.7,17556.1,27109.4,30065.1,31413.4,51577.8,108115.8,28274.4,22321.9,30131.4,8112.6,6641.0,7796.8
290,2021-10-18,11445.5,10287.3,10795.0,12754.8,7785.7,17556.5,27109.8,30064.8,31411.7,51575.6,108116.5,28274.3,22321.9,30131.4,8112.4,6640.9,7796.6
291,2021-10-19,11445.5,10287.3,10794.9,12755.2,7785.7,17557.0,27109.9,30064.6,31410.1,51573.2,108117.2,28274.1,22321.8,30131.4,8112.3,6640.8,7796.5
292,2021-10-20,11445.5,10287.2,10794.9,12755.6,7785.7,17557.5,27109.9,30064.5,31408.6,51570.6,108118.0,28274.0,22321.8,30131.4,8112.1,6640.7,7796.4
293,2021-10-21,11445.5,10287.2,10794.9,12756.0,7785.7,17557.9,27109.6,30064.6,31407.0,51568.0,108118.9,28273.9,22321.7,30131.5,8112.1,6640.7,7796.3
294,2021-10-22,11445.4,10287.2,10794.9,12756.4,7785.7,17558.4,27109.1,30064.9,31405.6,51565.4,108119.8,28273.8,22321.6,30131.6,8112.1,6640.6,7796.2
295,2021-10-23,11445.4,10287.2,10794.9,12756.7,7785.8,17558.8,27108.5,30065.3,31404.2,51562.7,108120.7,28273.8,22321.5,30131.7,8112.1,6640.6,7796.2
296,2021-10-24,11445.4,10287.2,10794.8,12757.1,7785.8,17559.2,27107.7,30065.9,31402.9,51560.0,108121.6,28273.7,22321.3,30131.8,8112.2,6640.5,7796.2
297,2021-10-25,11445.4,10287.2,10794.8,12757.5,7785.8,17559.6,27106.7,30066.5,31401.7,51557.5,108122.6,28273.6,22321.2,30131.9,8112.3,6640.5,7796.2
298,2021-10-26,11445.4,10287.2,10794.8,12757.8,7785.9,17560.0,27105.6,30067.3,31400.7,51555.0,108123.5,28273.6,22321.1,30132.0,8112.4,6640.5,7796.3
299,2021-10-27,11445.4,10287.2,10794.7,12758.1,7785.9,17560.3,27104.5,30068.2,31399.8,51552.6,108124.3,28273.6,22321.0,30132.2,8112.6,6640.5,7796.4
300,2021-10-28,11445.3,10287.2,10794.7,12758.4,7785.9,17560.6,27103.2,30069.1,31399.0,51550.5,108125.2,28273.6,22320.8,30132.3,8112.9,6640.5,7796.5
301,2021-10-29,11445.3,10287.2,10794.7,12758.6,7786.0,17560.9,27101.8,30070.1,31398.4,51548.4,108126.0,28273.6,22320.7,30132.5,8113.1,6640.5,7796.6
302,2021-10-30,11445.3,10287.2,10794.7,12758.9,7786.0,17561.1,27100.4,30071.1,31397.9,51546.6,108126.7,28273.7,22320.6,30132.6,8113.4,6640.5,7796.7
303,2021-10-31,11445.3,10287.2,10794.6,12759.0,7786.0,17561.3,27099.0,30072.2,31397.6,51545.0,108127.4,28273.7,22320.4,30132.7,8113.7,6640.5,7796.9
304,2021-11-01,11445.3,10287.2,10794.6,12759.2,7786.1,17561.4,27097.6,30073.3,31397.4,51543.6,108128.0,28273.8,22320.3,30132.9,8114.0,6640.6,7797.0
305,2021-11-02,11445.3,10287.2,10794.6,12759.3,7786.1,17561.5,27096.2,30074.4,31397.4,51542.5,108128.5,28273.8,22320.2,30133.0,8114.3,6640.6,7797.2
306,2021-11-03,11445.3,10287.2,10794.6,12759.4,7786.1,17561.5,27094.8,30075.4,31397.5,51541.6,108128.9,28273.9,22320.1,30133.2,8114.6,6640.7,7797.3
307,2021-11-04,11445.3,10287.3,10794.6,12759.4,7786.2,17561.5,27093.5,30076.5,31397.8,51541.0,108129.3,28274.0,22320.0,30133.3,8115.0,6640.7,7797.5
308,2021-11-05,11445.3,10287.3,10794.6,12759.4,7786.2,17561.5,27092.2,30077.5,31398.2,51540.6,108129.6,28274.1,22319.9,30133.4,8115.3,6640.8,7797.7
309,2021-11-06,11445.2,10287.3,10794.5,12759.3,7786.2,17561.4,27091.0,30078.4,31398.7,51540.5,108129.7,28274.2,22319.8,30133.5,8115.6,6640.8,7797.9
310,2021-11-07,11445.2,10287.3,10794.5,12759.3,7786.2,17561.3,27089.9,30079.3,31399.3,51540.6,108129.8,28274.3,22319.8,30133.6,8115.9,6640.9,7798.0
311,2021-11-08,11445.2,10287.3,10794.5,12759.2,7786.3,17561.2,27088.9,30080.1,31400.0,51540.9,108129.9,28274.4,22319.7,30133.7,8116.2,6640.9,7798.2
312,2021-11-09,11445.2,10287.3,10794.5,12759.0,7786.3,17561.0,27088.0,30080.8,31400.7,51541.5,108129.8,28274.5,22319.7,30133.7,8116.4,6641.0,7798.4
313,2021-11-10,11445.2,10287.3,10794.5,12758.9,7786.3,17560.8,27087.3,30081.5,31401.6,51542.2,108129.6,28274.6,22319.6,30133.8,8116.7,6641.1,7798.5
314,2021-11-11,11445.2,10287.3,10794.5,12758.7,7786.3,17560.6,27086.6,30082.0,31402.5,51543.1,108129.4,28274.7,22319.6,30133.8,8116.9,6641.1,7798.6
315,2021-11-12,11445.2,10287.3,10794.5,12758.5,7786.3,17560.3,27086.1,30082.5,31403.4,51544.2,108129.1,28274.8,22319.6,30133.9,8117.1,6641.2,7798.8
316,2021-11-13,11445.2,10287.3,10794.5,12758.3,7786.3,17560.1,27085.8,30082.8,31404.4,51545.4,108128.8,28274.9,22319.6,30133.9,8117.3,6641.2,7798.9
317,2021-11-14,11445.3,10287.3,10794.5,12758.1,7786.3,17559.8,27085.5,30083.1,31405.4,51546.8,108128.4,28275.0,22319.7,30133.9,8117.4,6641.3,7799.0
318,2021-11-15,11445.3,10287.3,10794.6,12757.8,7786.3,17559.5,27085.4,30083.2,31406.3,51548.3,108127.9,28275.0,22319.7,30133.8,8117.5,6641.3,7799.1
319,2021-11-16,11445.3,10287.3,10794.6,12757.6,7786.3,17559.2,27085.5,30083.2,31407.3,51549.8,108127.4,28275.1,22319.7,30133.8,8117.6,6641.4,7799.1
320,2021-11-17,11445.3,10287.3,10794.6,12757.4,7786.3,17558.9,27085.6,30083.2,31408.2,51551.4,108126.9,28275.2,22319.8,30133.8,8117.6,6641.4,7799.2
321,2021-11-18,11445.3,10287.3,10794.6,12757.1,7786.3,17558.7,27085.9,30083.0,31409.1,51553.0,108126.4,28275.2,22319.9,30133.7,8117.6,6641.4,7799.2
322,2021-11-19,11445.3,10287.3,10794.6,12756.9,7786.3,17558.4,27086.3,30082.8,31410.0,51554.6,108125.8,28275.3,22319.9,30133.7,8117.6,6641.5,7799.2
323,2021-11-20,11445.3,10287.3,10794.6,12756.7,7786.2,17558.1,27086.7,30082.5,31410.8,51556.2,108125.3,28275.3,22320.0,30133.6,8117.6,6641.5,7799.2
324,2021-11-21,11445.3,10287.3,10794.6,12756.4,7786.2,17557.9,27087.3,30082.1,31411.5,51557.8,108124.7,28275.3,22320.1,30133.5,8117.5,6641.5,7799.2
325,2021-11-22,11445.3,10287.3,10794.7,12756.2,7786.2,17557.7,27087.9,30081.6,31412.1,51559.3,108124.1,28275.4,22320.2,30133.5,8117.4,6641.5,7799.2
326,2021-11-23,11445.3,10287.3,10794.7,12756.0,7786.2,17557.5,27088.7,30081.1,31412.7,51560.7,108123.6,28275.4,22320.2,30133.4,8117.3,6641.5,7799.1
327,2021-11-24,11445.3,10287.3,10794.7,12755.9,7786.2,17557.3,27089.4,30080.6,31413.2,51562.1,108123.1,28275.4,22320.3,30133.3,8117.2,6641.5,7799.1
328,2021-11-25,11445.4,10287.3,10794.7,12755.7,7786.1,17557.1,27090.2,30080.0,31413.6,51563.3,108122.6,28275.4,22320.4,30133.2,8117.0,6641.5,7799.0
329,2021-11-26,11445.4,10287.3,10794.7,12755.6,7786.1,17557.0,27091.1,30079.4,31413.9,51564.4,108122.2,28275.3,22320.5,30133.1,8116.9,6641.5,7798.9
330,2021-11-27,11445.4,10287.3,10794.7,12755.5,7786.1,17556.9,27091.9,30078.7,31414.1,51565.4,108121.7,28275.3,22320.6,30133.0,8116.7,6641.5,7798.9
331,2021-11-28,11445.4,10287.3,10794.8,12755.4,7786.1,17556.8,27092.8,30078.0,31414.2,51566.3,108121.4,28275.3,22320.6,30132.9,8116.5,6641.5,7798.8
332,2021-11-29,11445.4,10287.3,10794.8,12755.3,7786.1,17556.7,27093.7,30077.4,31414.2,51567.0,108121.1,28275.2,22320.7,30132.9,8116.3,6641.5,7798.7
333,2021-11-30,11445.4,10287.3,10794.8,12755.3,7786.0,17556.7,27094.5,30076.7,31414.2,51567.5,108120.8,28275.2,22320.8,30132.8,8116.1,6641.4,7798.6
334,2021-12-01,11445.4,10287.3,10794.8,12755.2,7786.0,17556.7,27095.3,30076.1,31414.0,51567.9,108120.6,28275.2,22320.8,30132.7,8115.9,6641.4,7798.5
335,2021-12-02,11445.4,10287.3,10794.8,12755.2,7786.0,17556.7,27096.1,30075.5,31413.8,51568.2,108120.4,28275.1,22320.9,30132.6,8115.7,6641.4,7798.3
336,2021-12-03,11445.4,10287.3,10794.8,12755.3,7786.0,17556.8,27096.8,30074.9,31413.5,51568.3,108120.3,28275.0,22320.9,30132.6,8115.5,6641.3,7798.2
337,2021-12-04,11445.4,10287.3,10794.8,12755.3,7786.0,17556.8,27097.5,30074.4,31413.2,51568.3,108120.2,28275.0,22321.0,30132.5,8115.3,6641.3,7798.1
338,2021-12-05,11445.4,10287.3,10794.8,12755.4,7786.0,17556.9,27098.1,30073.9,31412.7,51568.1,108120.2,28274.9,22321.0,30132.5,8115.2,6641.3,7798.0
339,2021-12-06,11445.4,10287.3,10794.8,12755.4,7786.0,17557.0,27098.7,30073.4,31412.3,51567.8,108120.2,28274.9,22321.0,30132.4,8115.0,6641.2,7797.9
340,2021-12-07,11445.4,10287.3,10794.8,12755.5,7785.9,17557.1,27099.1,30073.0,31411.8,51567.3,108120.3,28274.8,22321.0,30132.4,8114.8,6641.2,7797.8
341,2021-12-08,11445.4,10287.3,10794.8,12755.6,7785.9,17557.3,27099.5,30072.7,31411.2,51566.8,108120.4,28274.7,22321.0,30132.4,8114.7,6641.1,7797.8
342,2021-12-09,11445.4,10287.3,10794.8,12755.8,7785.9,17557.4,27099.9,30072.4,31410.6,51566.1,108120.6,28274.7,22321.1,30132.4,8114.6,6641.1,7797.7
343,2021-12-10,11445.4,10287.3,10794.8,12755.9,7785.9,17557.6,27100.1,30072.2,31410.1,51565.4,108120.8,28274.6,22321.0,30132.3,8114.5,6641.1,7797.6
344,2021-12-11,11445.4,10287.3,10794.8,12756.0,7785.9,17557.7,27100.2,30072.0,31409.5,51564.6,108121.1,28274.6,22321.0,30132.3,8114.4,6641.0,7797.6
345,2021-12-12,11445.4,10287.3,10794.8,12756.2,7785.9,17557.9,27100.3,30072.0,31408.9,51563.7,108121.3,28274.5,22321.0,30132.4,8114.3,6641.0,7797.5
346,2021-12-13,11445.4,10287.3,10794.8,12756.3,7785.9,17558.1,27100.3,30071.9,31408.3,51562.8,108121.6,28274.5,22321.0,30132.4,8114.3,6641.0,7797.5
347,2021-12-14,11445.4,10287.3,10794.8,12756.5,7785.9,17558.3,27100.2,30071.9,31407.7,51561.8,108121.9,28274.4,22321.0,30132.4,8114.3,6641.0,7797.4
348,2021-12-15,11445.4,10287.3,10794.8,12756.6,7786.0,17558.4,27100.1,30072.0,31407.2,51560.8,108122.3,28274.4,22320.9,30132.4,8114.2,6640.9,7797.4
349,2021-12-16,11445.4,10287.3,10794.8,12756.7,7786.0,17558.6,27099.9,30072.1,31406.7,51559.9,108122.6,28274.4,22320.9,30132.5,8114.3,6640.9,7797.4
350,2021-12-17,11445.4,10287.3,10794.8,12756.9,7786.0,17558.7,27099.6,30072.3,31406.2,51558.9,108122.9,28274.3,22320.8,30132.5,8114.3,6640.9,7797.4
351,2021-12-18,11445.4,10287.3,10794.7,12757.0,7786.0,17558.9,27099.2,30072.6,31405.7,51557.9,108123.3,28274.3,22320.8,30132.5,8114.3,6640.9,7797.4
352,2021-12-19,11445.4,10287.3,10794.7,12757.1,7786.0,17559.0,27098.9,30072.8,31405.3,51557.0,108123.6,28274.3,22320.7,30132.6,8114.4,6640.9,7797.4
353,2021-12-20,11445.4,10287.3,10794.7,12757.3,7786.0,17559.2,27098.4,30073.1,31405.0,51556.1,108123.9,28274.3,22320.7,30132.6,8114.4,6640.9,7797.4
354,2021-12-21,11445.3,10287.3,10794.7,12757.4,7786.0,17559.3,27098.0,30073.5,31404.7,51555.3,108124.3,28274.3,22320.6,30132.7,8114.5,6640.9,7797.5
355,2021-12-22,11445.3,10287.3,10794.7,12757.5,7786.0,17559.4,27097.5,30073.8,31404.4,51554.5,108124.6,28274.3,22320.6,30132.7,8114.6,6640.9,7797.5
356,2021-12-23,11445.3,10287.3,10794.7,12757.5,7786.0,17559.4,27097.0,30074.2,31404.2,51553.8,108124.8,28274.3,22320.5,30132.8,8114.7,6640.9,7797.6
357,2021-12-24,11445.3,10287.3,10794.7,12757.6,7786.1,17559.5,27096.4,30074.6,31404.1,51553.2,108125.1,28274.3,22320.5,30132.8,8114.8,6640.9,7797.6
358,2021-12-25,11445.3,10287.3,10794.7,12757.7,7786.1,17559.6,27095.9,30075.0,31404.0,51552.7,108125.3,28274.4,22320.4,30132.9,8114.9,6640.9,7797.7
359,2021-12-26,11445.3,10287.3,10794.7,12757.7,7786.1,17559.6,27095.4,30075.4,31404.0,51552.3,108125.5,28274.4,22320.4,30132.9,8115.0,6640.9,7797.7
360,2021-12-27,11445.3,10287.3,10794.7,12757.7,7786.1,17559.6,27094.9,30075.8,31404.0,51551.9,108125.7,28274.4,22320.4,30133.0,8115.2,6641.0,7797.8
361,2021-12-28,11445.3,10287.3,10794.7,12757.8,7786.1,17559.6,27094.4,30076.2,31404.1,51551.7,108125.8,28274.4,22320.3,30133.0,8115.3,6641.0,7797.9
362,2021-12-29,11445.3,10287.3,10794.6,12757.8,7786.1,17559.6,27093.9,30076.6,31404.2,51551.5,108125.9,28274.5,22320.3,30133.1,8115.4,6641.0,7797.9
363,2021-12-30,11445.3,10287.3,10794.6,12757.7,7786.1,17559.6,27093.5,30076.9,31404.4,51551.4,108126.0,28274.5,22320.3,30133.1,8115.5,6641.0,7798.0
364,2021-12-31,11445.3,10287.3,10794.6,12757.7,7786.1,17559.6,27093.0,30077.2,31404.6,51551.4,108126.0,28274.5,22320.2,30133.2,8115.6,6641.0,7798.1
